<?xml version="1.0" encoding="UTF-8" ?>

<routes xmlns="http://symfony.com/schema/routing"
    xmlns:xsi="http://www.w3.org/2001/XMLSchema-instance"
    xsi:schemaLocation="http://symfony.com/schema/routing https://symfony.com/schema/routing/routing-1.0.xsd">

    <route id="_wdt_stylesheet" path="/styles">
        <default key="_controller">web_profiler.controller.profiler::toolbarStylesheetAction</default>
    </route>

    <route id="_wdt" path="/{token}">
        <default key="_controller">web_profiler.controller.profiler::toolbarAction</default>
    </route>
</routes>
